{"cameraMode":{"drawMode":0,"name":"Shaded","section":"Shading Mode"},"sceneLighting":true,"audioPlay":false,"sceneViewState":{"m_AlwaysRefresh":false,"showFog":true,"showSkybox":true,"showFlares":true,"showImageEffects":true,"showParticleSystems":true,"showVisualEffectGraphs":true,"m_FxEnabled":true},"in2DMode":false,"pivot":{"x":16.459999084472658,"y":0.9700000286102295,"z":-108.51000213623047},"rotation":{"x":-0.008451243862509728,"y":-0.9555655121803284,"z":0.027538025751709939,"w":-0.2933870255947113},"size":4.383450984954834,"orthographic":false}